{
  "date": "2025-08-16",
  "blocks": [
    {
      "start": "2025-08-16T09:00:00",
      "end": "2025-08-16T10:00:00",
      "kind": "meeting",
      "title": "Standup"
    },
    {
      "start": "2025-08-16T10:00:00",
      "end": "2025-08-16T12:00:00",
      "kind": "free"
    },
    {
      "start": "2025-08-16T13:00:00",
      "end": "2025-08-16T14:00:00",
      "kind": "meeting",
      "title": "Partner call"
    },
    {
      "start": "2025-08-16T14:00:00",
      "end": "2025-08-16T16:00:00",
      "kind": "focus"
    }
  ]
}